{
  "num_instances": 1,
  "instances": [
    {
      "instance_id": 0,
      "affine_matrix": [
        [
          0.9966665349541923,
          0.20014049869485154,
          251.1730117634489
        ],
        [
          -0.20014049869485154,
          0.9966665349541923,
          172.32213794640455
        ]
      ],
      "params": {
        "tx": 251.1730117634489,
        "ty": 172.32213794640455,
        "theta_deg": -11.354544134005826,
        "theta_rad": -0.1981741802014099,
        "scale": 1.01656303351805,
        "scale_x": 1.01656303351805,
        "scale_y": 1.01656303351805
      },
      "statistics": {
        "num_matches": 10,
        "num_inliers": 7,
        "num_outliers": 3,
        "inlier_ratio": 0.7
      },
      "config": {
        "detector_type": "sift",
        "ratio_threshold": 0.75,
        "ransac_params": {
          "reproj_thresh": 3.0,
          "max_iters": 2000,
          "confidence": 0.99
        }
      },
      "chamfer_score": 0.9474623799324036
    }
  ]
}